NUM	MIN_DIST	A_MEAN	G_MEAN	Q_MEAN	RISK	DISTANCES	POSITIONS
5	6.4031242374328485	8.391584391116519	8.143123440325938	8.683317338436964	1	[6.4031242374328485, 8.0, 12.727922061357855, 7.615773105863909, 7.211102550927978]	[(4, 5), (-8, 0), (9, 9), (3, -7), (6, -4)]
11	4.0	8.924078520357904	8.471529960894108	9.293203772845851	2	[7.810249675906654, 10.0, 4.0, 11.40175425099138, 11.40175425099138, 8.94427190999916, 5.0, 8.0, 12.727922061357855, 10.816653826391969, 8.06225774829855]	[(6, -5), (-8, -6), (4, 0), (7, -9), (9, -7), (4, -8), (0, -5), (-8, 0), (-9, 9), (9, -6), (4, -7)]
3	2.8284271247461903	4.978325564971243	4.308869380063768	5.715476066494083	2	[3.1622776601683795, 8.94427190999916, 2.8284271247461903]	[(1, -3), (4, -8), (2, 2)]
19	1.4142135623730951	7.391406933729555	6.730434309336543	7.847225456708954	3	[5.0, 5.656854249492381, 8.0, 8.06225774829855, 6.324555320336759, 6.4031242374328485, 3.1622776601683795, 9.433981132056603, 7.0, 1.4142135623730951, 7.0710678118654755, 8.246211251235321, 9.0, 12.041594578792296, 4.242640687119285, 9.055385138137417, 9.486832980505138, 9.433981132056603, 11.40175425099138]	[(-4, 3), (4, 4), (8, 0), (-1, 8), (6, -2), (-5, -4), (-1, 3), (5, 8), (-7, 0), (1, -1), (-7, 1), (8, -2), (-9, 0), (-9, 8), (-3, -3), (-9, 1), (9, 3), (-8, -5), (7, 9)]
4	4.123105625617661	5.885779724001532	5.516365071086835	6.324555320336759	2	[5.0990195135927845, 4.123105625617661, 4.47213595499958, 9.848857801796104]	[(-1, 5), (1, -4), (-4, -2), (4, -9)]
19	2.23606797749979	8.351789317114221	7.924237971215718	8.666329278183165	3	[5.830951894845301, 7.211102550927978, 10.0, 6.324555320336759, 6.4031242374328485, 9.433981132056603, 2.23606797749979, 12.727922061357855, 11.40175425099138, 9.433981132056603, 8.0, 7.280109889280518, 8.54400374531753, 8.54400374531753, 8.06225774829855, 8.602325267042627, 8.54400374531753, 8.06225774829855, 12.041594578792296]	[(-5, 3), (4, 6), (8, 6), (-2, 6), (-4, 5), (5, 8), (-2, 1), (9, 9), (-9, -7), (-8, 5), (0, -8), (-7, 2), (3, -8), (-8, -3), (7, 4), (-5, -7), (-3, 8), (-4, -7), (8, -9)]
18	1.0	6.143016746307869	5.408490616525244	6.67915496983796	4	[9.055385138137417, 5.0990195135927845, 6.4031242374328485, 7.0710678118654755, 6.0, 2.23606797749979, 7.810249675906654, 5.0990195135927845, 6.708203932499369, 9.219544457292887, 1.0, 8.06225774829855, 3.605551275463989, 3.1622776601683795, 12.041594578792296, 5.385164807134504, 7.615773105863909, 5.0]	[(1, 9), (1, -5), (-5, 4), (-7, -1), (-6, 0), (-2, 1), (-6, 5), (-1, 5), (3, -6), (9, 2), (0, -1), (-4, 7), (2, 3), (1, 3), (-8, 9), (2, -5), (-3, 7), (-3, 4)]
13	2.23606797749979	6.767675180094719	5.988040240650522	7.3902222304464305	5	[9.899494936611665, 2.8284271247461903, 7.0710678118654755, 10.0, 11.313708498984761, 3.1622776601683795, 2.23606797749979, 3.605551275463989, 9.433981132056603, 7.615773105863909, 8.602325267042627, 7.211102550927978, 5.0]	[(7, -7), (2, 2), (-5, -5), (-8, -6), (-8, -8), (3, 1), (2, 1), (-3, -2), (-8, 5), (7, 3), (-7, 5), (-6, 4), (5, 0)]
6	1.4142135623730951	7.020546525467441	6.035634358263456	7.52772652709081	3	[10.295630140987, 1.4142135623730951, 8.06225774829855, 7.0710678118654755, 7.280109889280518, 8.0]	[(5, -9), (1, 1), (-4, 7), (-1, -7), (7, -2), (0, -8)]
2	9.219544457292887	9.353188718899013	9.352233873395143	9.354143466934854	1	[9.219544457292887, 9.486832980505138]	[(2, 9), (-9, -3)]
18	1.0	6.26101915962221	5.2913384652847295	6.920179830675565	5	[3.0, 10.63014581273465, 5.830951894845301, 8.06225774829855, 7.0710678118654755, 5.0, 10.816653826391969, 1.4142135623730951, 1.0, 5.830951894845301, 9.848857801796104, 5.830951894845301, 8.94427190999916, 8.48528137423857, 3.1622776601683795, 6.708203932499369, 3.0, 8.06225774829855]	[(0, -3), (7, -8), (-5, -3), (1, -8), (-1, 7), (0, 5), (6, 9), (-1, -1), (1, 0), (-5, 3), (4, 9), (3, -5), (4, 8), (-6, 6), (1, -3), (6, 3), (-3, 0), (-4, 7)]
2	11.313708498984761	11.67765153888853	11.671978877954295	11.683321445547923	1	[12.041594578792296, 11.313708498984761]	[(-8, 9), (8, -8)]
10	3.1622776601683795	7.845445276763863	7.356402197266034	8.221921916437786	2	[9.899494936611665, 9.219544457292887, 3.1622776601683795, 5.830951894845301, 10.295630140987, 10.63014581273465, 8.94427190999916, 4.47213595499958, 9.0, 7.0]	[(-7, 7), (-9, -2), (3, -1), (-3, -5), (-5, -9), (-7, 8), (-4, 8), (-2, -4), (9, 0), (0, 7)]
14	4.0	8.256617252897945	8.029356229961328	8.451542547285166	2	[7.211102550927978, 9.433981132056603, 9.219544457292887, 12.041594578792296, 4.0, 9.055385138137417, 9.219544457292887, 6.4031242374328485, 8.602325267042627, 7.280109889280518, 7.0710678118654755, 9.219544457292887, 7.615773105863909, 9.219544457292887]	[(6, 4), (-8, -5), (-9, 2), (8, 9), (-4, 0), (1, 9), (9, -2), (5, -4), (-5, -7), (-2, 7), (7, 1), (-6, 7), (-3, -7), (6, -7)]
7	7.0710678118654755	8.015605862535372	7.977213223521536	8.053393251117374	2	[7.280109889280518, 8.602325267042627, 7.0710678118654755, 8.54400374531753, 9.055385138137417, 7.0710678118654755, 8.48528137423857]	[(-7, 2), (5, -7), (-7, -1), (8, 3), (-9, -1), (1, -7), (6, 6)]
18	1.4142135623730951	5.824210326751212	4.845412315795825	6.60807586719967	5	[2.8284271247461903, 1.4142135623730951, 4.242640687119285, 9.055385138137417, 2.23606797749979, 2.23606797749979, 9.848857801796104, 11.40175425099138, 5.0, 7.211102550927978, 7.211102550927978, 4.0, 9.848857801796104, 9.219544457292887, 1.4142135623730951, 7.810249675906654, 5.385164807134504, 4.47213595499958]	[(-2, -2), (1, -1), (3, -3), (1, -9), (2, 1), (1, -2), (4, 9), (-9, -7), (-4, 3), (-6, -4), (-4, -6), (-4, 0), (9, 4), (-6, -7), (-1, -1), (6, -5), (2, 5), (-4, 2)]
13	2.23606797749979	6.763756354128839	6.017914603903942	7.395424781059415	5	[4.123105625617661, 9.055385138137417, 11.40175425099138, 9.433981132056603, 6.324555320336759, 9.219544457292887, 3.605551275463989, 5.830951894845301, 3.605551275463989, 3.605551275463989, 10.0, 2.23606797749979, 9.486832980505138]	[(-1, -4), (-9, -1), (7, -9), (5, -8), (-6, 2), (9, -2), (-2, -3), (5, 3), (2, 3), (2, -3), (-8, -6), (1, -2), (-9, -3)]
19	2.0	6.997553509565391	6.2790701178223935	7.542859990885769	5	[5.0990195135927845, 3.0, 8.06225774829855, 5.656854249492381, 7.280109889280518, 2.8284271247461903, 8.246211251235321, 8.602325267042627, 11.313708498984761, 8.06225774829855, 3.0, 9.055385138137417, 4.47213595499958, 2.0, 11.40175425099138, 7.0, 9.433981132056603, 9.219544457292887, 9.219544457292887]	[(1, -5), (3, 0), (-7, -4), (4, 4), (-7, 2), (2, -2), (2, -8), (7, -5), (8, 8), (-1, -8), (-3, 0), (9, -1), (4, 2), (2, 0), (9, 7), (-7, 0), (5, -8), (7, -6), (7, 6)]
17	1.0	7.702473548420735	6.9662140217892325	8.098656388199073	4	[8.54400374531753, 8.06225774829855, 5.0, 1.0, 4.123105625617661, 8.06225774829855, 9.219544457292887, 6.082762530298219, 8.06225774829855, 9.0, 8.602325267042627, 9.219544457292887, 6.082762530298219, 9.0, 10.295630140987, 8.54400374531753, 12.041594578792296]	[(-3, -8), (-8, -1), (0, 5), (0, -1), (4, 1), (-1, 8), (-6, 7), (6, 1), (7, 4), (0, 9), (5, 7), (2, 9), (-1, 6), (9, 0), (5, 9), (3, 8), (-8, -9)]
3	3.605551275463989	7.327934772506584	6.725695859352762	7.788880963698615	2	[9.433981132056603, 3.605551275463989, 8.94427190999916]	[(-8, 5), (-2, -3), (4, -8)]
19	4.47213595499958	7.166621687113637	6.855978035957731	7.479797351603359	3	[8.06225774829855, 5.0990195135927845, 4.47213595499958, 4.47213595499958, 9.219544457292887, 9.055385138137417, 5.830951894845301, 8.54400374531753, 5.0, 11.313708498984761, 9.848857801796104, 6.4031242374328485, 5.0, 6.082762530298219, 5.0990195135927845, 9.0, 6.324555320336759, 6.708203932499369, 10.63014581273465]	[(-8, 1), (1, -5), (2, 4), (4, 2), (9, -2), (-9, 1), (-3, 5), (3, 8), (-5, 0), (8, -8), (4, -9), (-4, -5), (0, 5), (-6, -1), (-5, -1), (0, -9), (-2, 6), (3, -6), (-7, -8)]
1	7.0710678118654755	7.0710678118654755	7.0710678118654755	7.0710678118654755	1	[7.0710678118654755]	[(-7, -1)]
7	1.0	8.287184204929796	6.77094404002879	8.968197780411147	2	[9.0, 9.219544457292887, 8.94427190999916, 6.4031242374328485, 12.041594578792296, 1.0, 11.40175425099138]	[(0, 9), (7, -6), (8, -4), (5, 4), (-8, 9), (1, 0), (7, -9)]
4	5.0	8.555905993831722	8.200054725810642	8.860022573334675	1	[8.602325267042627, 5.0, 11.40175425099138, 9.219544457292887]	[(7, -5), (0, -5), (7, 9), (2, 9)]
12	2.23606797749979	6.559990055617765	5.9759931635991475	7.112196097783956	3	[6.4031242374328485, 7.615773105863909, 4.123105625617661, 7.280109889280518, 4.47213595499958, 5.656854249492381, 10.816653826391969, 2.23606797749979, 12.041594578792296, 8.602325267042627, 5.0, 4.47213595499958]	[(4, 5), (3, -7), (1, -4), (-7, 2), (-4, -2), (4, -4), (-6, -9), (-1, -2), (9, -8), (7, -5), (-4, -3), (4, -2)]
17	4.123105625617661	7.619726941299859	7.359226018338561	7.8627939952516055	3	[6.4031242374328485, 6.0, 4.242640687119285, 9.848857801796104, 8.48528137423857, 8.06225774829855, 6.708203932499369, 7.280109889280518, 6.708203932499369, 4.123105625617661, 9.486832980505138, 8.602325267042627, 7.0710678118654755, 12.041594578792296, 8.54400374531753, 6.708203932499369, 9.219544457292887]	[(4, 5), (6, 0), (-3, -3), (-4, -9), (-6, -6), (4, 7), (6, 3), (-2, -7), (6, -3), (1, -4), (3, 9), (-7, 5), (-5, 5), (8, -9), (3, -8), (-6, -3), (-9, 2)]
9	1.4142135623730951	7.05053725724991	6.029627077704272	7.753135566408671	3	[10.816653826391969, 1.4142135623730951, 5.0, 3.605551275463989, 8.06225774829855, 5.0990195135927845, 9.0, 11.40175425099138, 9.055385138137417]	[(6, -9), (-1, 1), (3, -4), (-2, 3), (-4, 7), (1, 5), (-9, 0), (9, -7), (9, 1)]
6	2.23606797749979	5.29042099273474	4.761242712179292	5.730037812557028	2	[6.0, 2.8284271247461903, 7.615773105863909, 8.06225774829855, 5.0, 2.23606797749979]	[(6, 0), (-2, -2), (3, 7), (-4, -7), (4, 3), (1, 2)]
14	3.1622776601683795	8.151969342475951	7.756263812493867	8.443086774735546	2	[6.708203932499369, 9.433981132056603, 8.602325267042627, 3.1622776601683795, 8.06225774829855, 9.219544457292887, 4.123105625617661, 8.06225774829855, 9.219544457292887, 10.63014581273465, 8.94427190999916, 11.40175425099138, 9.486832980505138, 7.0710678118654755]	[(-3, -6), (5, 8), (5, -7), (-3, -1), (4, 7), (-6, 7), (-1, 4), (-4, 7), (6, 7), (7, -8), (-4, -8), (9, 7), (-3, 9), (-7, 1)]
5	2.23606797749979	7.107689758141855	6.307901940441442	7.64198926981712	2	[9.848857801796104, 7.280109889280518, 9.848857801796104, 2.23606797749979, 6.324555320336759]	[(4, 9), (-7, 2), (-4, -9), (-2, 1), (-2, 6)]
6	5.0	8.019897195313321	7.84778094781154	8.16496580927726	2	[9.899494936611665, 7.810249675906654, 5.0, 9.055385138137417, 7.810249675906654, 8.54400374531753]	[(7, 7), (5, 6), (-4, 3), (1, 9), (-6, -5), (-3, 8)]
16	2.8284271247461903	7.6807640701576405	7.323230942222043	7.945124291035352	3	[9.486832980505138, 4.123105625617661, 8.06225774829855, 6.708203932499369, 8.246211251235321, 5.830951894845301, 10.295630140987, 9.0, 7.810249675906654, 8.94427190999916, 9.219544457292887, 7.280109889280518, 6.082762530298219, 9.486832980505138, 9.486832980505138, 2.8284271247461903]	[(3, -9), (4, 1), (-4, -7), (6, 3), (8, 2), (-5, -3), (9, 5), (0, 9), (-5, 6), (8, 4), (9, 2), (-2, 7), (-6, 1), (9, 3), (-9, -3), (2, 2)]
10	2.23606797749979	7.727565523449215	7.147087580218871	8.117881497040962	2	[6.4031242374328485, 8.06225774829855, 8.94427190999916, 7.615773105863909, 5.0, 9.848857801796104, 8.54400374531753, 9.219544457292887, 11.40175425099138, 2.23606797749979]	[(-5, -4), (4, -7), (4, -8), (-3, -7), (-4, 3), (9, 4), (3, 8), (9, -2), (9, -7), (-1, -2)]
11	2.8284271247461903	6.807589743381303	6.259622332087663	7.354652207338502	3	[4.0, 12.041594578792296, 11.40175425099138, 6.082762530298219, 5.656854249492381, 8.48528137423857, 8.06225774829855, 5.0, 2.8284271247461903, 6.324555320336759, 5.0]	[(0, 4), (9, 8), (9, -7), (1, 6), (-4, -4), (6, 6), (-1, -8), (4, 3), (-2, -2), (6, 2), (-3, -4)]
1	2.23606797749979	2.23606797749979	2.23606797749979	2.23606797749979	2	[2.23606797749979]	[(2, -1)]
2	2.8284271247461903	5.319338400326422	4.700076811539842	5.873670062235365	2	[7.810249675906654, 2.8284271247461903]	[(-6, 5), (2, -2)]
20	2.8284271247461903	7.249310331999313	6.848942662880856	7.566372975210778	3	[3.1622776601683795, 10.816653826391969, 11.313708498984761, 4.47213595499958, 8.06225774829855, 6.082762530298219, 8.06225774829855, 2.8284271247461903, 8.0, 8.246211251235321, 8.54400374531753, 7.810249675906654, 8.48528137423857, 6.708203932499369, 4.123105625617661, 8.06225774829855, 6.708203932499369, 7.615773105863909, 8.602325267042627, 7.280109889280518]	[(3, -1), (-6, -9), (-8, -8), (-4, -2), (-4, -7), (1, -6), (-7, 4), (2, 2), (8, 0), (-2, -8), (8, -3), (-6, 5), (6, 6), (-6, -3), (1, -4), (-4, 7), (6, -3), (3, 7), (-5, -7), (2, -7)]
16	4.0	8.186862798912246	7.80896350186843	8.507349763586777	3	[4.0, 4.0, 8.246211251235321, 10.816653826391969, 7.615773105863909, 10.0, 6.4031242374328485, 11.40175425099138, 9.055385138137417, 7.0710678118654755, 11.40175425099138, 9.433981132056603, 9.219544457292887, 6.0, 10.0, 6.324555320336759]	[(0, -4), (4, 0), (8, 2), (6, 9), (3, -7), (-6, -8), (4, 5), (-9, 7), (-1, 9), (5, 5), (9, 7), (8, -5), (-7, 6), (0, 6), (8, -6), (6, -2)]
16	3.1622776601683795	6.248625885993604	5.851093699517819	6.637959023675877	4	[3.1622776601683795, 4.47213595499958, 9.219544457292887, 4.0, 3.1622776601683795, 9.486832980505138, 4.47213595499958, 5.385164807134504, 6.0, 6.082762530298219, 8.246211251235321, 10.63014581273465, 5.0, 7.211102550927978, 5.385164807134504, 8.06225774829855]	[(-1, -3), (4, 2), (6, 7), (0, 4), (1, 3), (-9, 3), (-2, 4), (5, -2), (6, 0), (1, 6), (-2, -8), (8, 7), (3, 4), (-4, -6), (-2, -5), (4, -7)]
16	2.23606797749979	7.5354087296959396	6.9436046197037795	8.0	4	[8.54400374531753, 2.23606797749979, 5.0, 10.0, 4.0, 9.055385138137417, 7.810249675906654, 4.242640687119285, 8.48528137423857, 12.727922061357855, 5.0990195135927845, 6.324555320336759, 10.0, 8.602325267042627, 9.219544457292887, 9.219544457292887]	[(-3, -8), (2, 1), (3, 4), (6, 8), (0, -4), (-1, -9), (-5, 6), (3, 3), (-6, 6), (-9, -9), (-1, -5), (-6, 2), (-8, -6), (-7, -5), (-2, -9), (2, -9)]
14	3.605551275463989	8.039267093146995	7.50097448768546	8.489489299800582	3	[8.06225774829855, 5.656854249492381, 10.63014581273465, 5.830951894845301, 9.055385138137417, 3.605551275463989, 3.605551275463989, 8.94427190999916, 10.816653826391969, 12.727922061357855, 5.0990195135927845, 10.295630140987, 9.219544457292887, 9.0]	[(4, -7), (-4, 4), (-8, -7), (-5, 3), (1, -9), (-2, -3), (2, -3), (8, 4), (-6, 9), (-9, 9), (1, 5), (-5, 9), (-7, -6), (-9, 0)]
18	2.8284271247461903	7.549521197362176	7.064778597702918	7.930251502246879	3	[5.656854249492381, 7.280109889280518, 10.816653826391969, 7.810249675906654, 7.615773105863909, 5.830951894845301, 9.899494936611665, 9.219544457292887, 6.708203932499369, 9.219544457292887, 10.295630140987, 8.94427190999916, 6.324555320336759, 9.219544457292887, 2.8284271247461903, 4.242640687119285, 3.1622776601683795, 10.816653826391969]	[(-4, -4), (-7, 2), (-6, -9), (5, 6), (3, 7), (-3, 5), (-7, -7), (-6, 7), (-3, 6), (9, -2), (9, -5), (4, -8), (-2, -6), (-9, 2), (2, 2), (-3, 3), (1, 3), (-9, 6)]
9	5.656854249492381	8.78302776426528	8.521228024155024	9.03696114115064	2	[10.63014581273465, 8.94427190999916, 5.656854249492381, 8.94427190999916, 10.295630140987, 12.727922061357855, 7.280109889280518, 8.48528137423857, 6.082762530298219]	[(-8, -7), (-8, -4), (-4, 4), (8, -4), (5, 9), (9, 9), (7, 2), (6, -6), (-1, -6)]
14	4.123105625617661	7.709743152940985	7.463728742044025	7.932753080020292	2	[8.246211251235321, 9.055385138137417, 7.0710678118654755, 9.0, 7.211102550927978, 6.0, 9.055385138137417, 9.486832980505138, 5.0, 8.602325267042627, 11.40175425099138, 7.280109889280518, 6.4031242374328485, 4.123105625617661]	[(8, 2), (9, -1), (7, -1), (-9, 0), (-4, 6), (6, 0), (-9, -1), (9, 3), (3, 4), (-5, 7), (-9, -7), (2, 7), (-4, 5), (4, -1)]
3	5.385164807134504	7.534903088142464	7.3507696961464815	7.702813338860896	1	[9.219544457292887, 8.0, 5.385164807134504]	[(-6, -7), (-8, 0), (-2, -5)]
14	3.1622776601683795	7.794481471369173	7.241084482910611	8.246211251235321	3	[9.433981132056603, 12.041594578792296, 3.605551275463989, 9.899494936611665, 9.486832980505138, 9.899494936611665, 5.385164807134504, 5.0, 10.816653826391969, 8.0, 3.1622776601683795, 8.06225774829855, 8.94427190999916, 5.385164807134504]	[(8, 5), (9, -8), (3, 2), (-7, -7), (-9, 3), (7, -7), (-2, -5), (-5, 0), (6, -9), (8, 0), (1, 3), (8, 1), (8, -4), (-5, -2)]
8	2.8284271247461903	6.654592047052417	6.028966296231893	7.237057413065064	2	[9.848857801796104, 11.40175425099138, 2.8284271247461903, 4.123105625617661, 4.123105625617661, 7.280109889280518, 8.246211251235321, 5.385164807134504]	[(-4, 9), (7, 9), (-2, -2), (4, -1), (-4, 1), (2, 7), (8, 2), (-5, 2)]
14	4.242640687119285	7.189958615111593	6.927884021678998	7.468983484097035	2	[9.219544457292887, 5.656854249492381, 5.830951894845301, 6.0, 4.242640687119285, 6.324555320336759, 8.54400374531753, 7.0710678118654755, 9.433981132056603, 5.385164807134504, 6.708203932499369, 5.656854249492381, 8.54400374531753, 12.041594578792296]	[(6, 7), (-4, 4), (-5, -3), (0, 6), (3, 3), (2, 6), (-3, -8), (-5, -5), (8, -5), (-2, 5), (-3, -6), (-4, -4), (3, 8), (8, 9)]
18	1.0	6.988966369063356	6.158842337848956	7.54615428178118	4	[4.123105625617661, 4.0, 1.0, 6.4031242374328485, 4.0, 8.246211251235321, 6.082762530298219, 8.48528137423857, 10.295630140987, 9.433981132056603, 7.280109889280518, 11.40175425099138, 5.0990195135927845, 3.1622776601683795, 10.63014581273465, 9.486832980505138, 7.615773105863909, 9.055385138137417]	[(-4, -1), (0, -4), (0, -1), (4, -5), (-4, 0), (-8, 2), (6, -1), (-6, -6), (-9, -5), (-5, 8), (7, -2), (7, 9), (5, -1), (3, -1), (-7, -8), (3, -9), (-3, -7), (-1, -9)]
1	7.810249675906654	7.810249675906654	7.810249675906654	7.810249675906654	1	[7.810249675906654]	[(-6, 5)]
8	6.082762530298219	8.40313935143416	8.205763218042245	8.602325267042627	2	[10.816653826391969, 11.40175425099138, 7.0, 6.082762530298219, 8.0, 8.54400374531753, 9.055385138137417, 6.324555320336759]	[(-9, -6), (9, -7), (7, 0), (1, 6), (0, -8), (8, 3), (-9, 1), (6, 2)]
5	3.0	5.038807777362609	4.703630519775756	5.385164807134504	2	[3.0, 4.123105625617661, 3.605551275463989, 8.06225774829855, 6.4031242374328485]	[(0, 3), (4, -1), (3, 2), (4, -7), (-4, -5)]
1	5.385164807134504	5.385164807134504	5.385164807134504	5.385164807134504	1	[5.385164807134504]	[(2, -5)]
20	2.23606797749979	7.15024786391367	6.6074008957263946	7.572978278062073	4	[5.0990195135927845, 10.0, 8.06225774829855, 9.219544457292887, 5.0, 4.242640687119285, 5.830951894845301, 8.94427190999916, 2.23606797749979, 7.615773105863909, 9.433981132056603, 3.1622776601683795, 7.0, 10.295630140987, 10.816653826391969, 7.280109889280518, 8.602325267042627, 9.486832980505138, 3.605551275463989, 7.0710678118654755]	[(5, 1), (8, 6), (-8, -1), (6, -7), (4, 3), (-3, -3), (-5, 3), (4, -8), (-1, -2), (-7, -3), (5, -8), (1, -3), (0, -7), (-9, 5), (-9, -6), (-2, -7), (-5, 7), (-3, 9), (3, -2), (-5, 5)]
19	2.23606797749979	7.488039673104287	6.80220691723596	8.003288797672328	5	[8.94427190999916, 8.06225774829855, 8.06225774829855, 2.8284271247461903, 10.0, 4.123105625617661, 6.082762530298219, 10.63014581273465, 5.385164807134504, 2.23606797749979, 8.246211251235321, 10.295630140987, 9.486832980505138, 8.94427190999916, 10.63014581273465, 6.4031242374328485, 3.1622776601683795, 12.041594578792296, 6.708203932499369]	[(-8, 4), (8, 1), (-1, -8), (2, 2), (6, -8), (-1, 4), (6, 1), (-7, -8), (-2, -5), (1, 2), (-2, 8), (9, -5), (9, 3), (-4, -8), (-8, 7), (-4, 5), (1, -3), (-8, 9), (6, 3)]
4	6.082762530298219	9.19447067461	8.934028474766952	9.433981132056603	2	[9.219544457292887, 6.082762530298219, 12.041594578792296, 9.433981132056603]	[(6, -7), (1, 6), (8, -9), (5, 8)]
19	1.4142135623730951	6.393597833700683	5.775894047905186	6.851814972768357	4	[6.708203932499369, 9.055385138137417, 5.0990195135927845, 9.055385138137417, 8.48528137423857, 1.4142135623730951, 6.4031242374328485, 10.0, 3.1622776601683795, 4.123105625617661, 3.605551275463989, 7.615773105863909, 5.385164807134504, 8.54400374531753, 3.0, 7.0, 5.0, 9.219544457292887, 8.602325267042627]	[(-3, 6), (-1, -9), (1, -5), (1, 9), (6, -6), (-1, -1), (-4, -5), (6, -8), (3, -1), (-4, -1), (3, 2), (7, -3), (-2, -5), (3, -8), (0, -3), (7, 0), (-4, 3), (-7, 6), (-5, -7)]
9	3.60555127546	7.98831239262	7.62003007581	8.29993306533	3	[8.246211251235321, 12.041594578792296, 8.246211251235321, 6.0, 3.605551275463989, 9.848857801796104, 7.0710678118654755, 9.219544457292887, 7.615773105863909]	[(-8, -2), (-8, -9), (8, -2), (0, 6), (-3, 2), (4, -9), (-5, 5), (7, -6), (7, -3)]
11	4.0	7.713848935916667	7.287762944230205	8.107235825315108	3	[11.40175425099138, 11.313708498984761, 6.0, 8.54400374531753, 10.63014581273465, 4.0, 4.242640687119285, 7.615773105863909, 5.830951894845301, 7.211102550927978, 8.06225774829855]	[(-9, 7), (-8, -8), (0, 6), (3, -8), (-8, 7), (0, 4), (-3, 3), (-7, -3), (-3, 5), (-6, 4), (-7, -4)]
8	1.0	5.252472825675479	3.8982301962448322	6.422616289332565	5	[7.615773105863909, 9.219544457292887, 1.4142135623730951, 3.605551275463989, 4.123105625617661, 1.0, 12.041594578792296, 3.0]	[(3, -7), (-2, 9), (1, 1), (2, 3), (4, -1), (-1, 0), (8, -9), (-3, 0)]
11	3.605551275463989	8.191986881532484	7.722499706718963	8.602325267042627	2	[9.055385138137417, 5.656854249492381, 8.602325267042627, 8.06225774829855, 10.63014581273465, 9.486832980505138, 5.385164807134504, 10.816653826391969, 6.082762530298219, 3.605551275463989, 12.727922061357855]	[(1, 9), (4, 4), (5, -7), (1, -8), (-8, 7), (9, -3), (2, -5), (-6, 9), (-6, -1), (-2, 3), (-9, 9)]
2	5.830951894845301	5.9568572125717605	5.95552648402611	5.958187643906492	1	[6.082762530298219, 5.830951894845301]	[(6, 1), (-3, -5)]
11	3.605551275463989	8.308542673391877	7.752829701058314	8.790490729915325	3	[12.041594578792296, 12.041594578792296, 11.40175425099138, 8.602325267042627, 5.0, 7.211102550927978, 8.602325267042627, 3.605551275463989, 10.816653826391969, 7.0710678118654755, 5.0]	[(-9, -8), (9, -8), (9, 7), (7, 5), (-4, -3), (4, -6), (5, -7), (-3, 2), (-6, -9), (-5, -5), (3, -4)]
18	1.0	7.288318436126087	6.386082241446284	7.877534865397649	5	[6.324555320336759, 1.0, 9.486832980505138, 7.211102550927978, 2.23606797749979, 4.0, 7.810249675906654, 6.082762530298219, 8.602325267042627, 10.0, 5.830951894845301, 8.246211251235321, 6.082762530298219, 6.708203932499369, 6.082762530298219, 11.40175425099138, 12.041594578792296, 12.041594578792296]	[(6, -2), (1, 0), (-9, -3), (4, 6), (2, -1), (0, 4), (-5, 6), (-6, -1), (-5, 7), (-8, 6), (5, -3), (-8, 2), (-1, -6), (3, 6), (1, 6), (-7, 9), (8, 9), (8, -9)]
2	4.47213595499958	4.785577734296182	4.7753019278348	4.795831523312719	2	[4.47213595499958, 5.0990195135927845]	[(4, -2), (5, 1)]
8	4.0	7.662421275503564	7.283753355657039	7.976528066771908	2	[4.0, 7.0710678118654755, 10.816653826391969, 9.219544457292887, 9.055385138137417, 8.06225774829855, 8.602325267042627, 4.47213595499958]	[(-4, 0), (7, 1), (6, -9), (-9, 2), (9, -1), (7, -4), (5, -7), (4, -2)]
10	1.4142135623730951	7.112256704255637	6.210176092866341	7.726577508832744	3	[9.486832980505138, 8.602325267042627, 4.47213595499958, 8.54400374531753, 11.40175425099138, 4.47213595499958, 1.4142135623730951, 5.0990195135927845, 7.0, 10.63014581273465]	[(9, 3), (-5, -7), (-2, -4), (-8, -3), (-7, 9), (2, 4), (-1, -1), (-1, -5), (-7, 0), (-7, 8)]
9	2.23606797749979	7.22516353291638	6.184009723727591	8.082903768654761	4	[9.848857801796104, 5.830951894845301, 10.816653826391969, 11.40175425099138, 2.23606797749979, 6.082762530298219, 12.041594578792296, 3.1622776601683795, 3.605551275463989]	[(-4, 9), (3, 5), (-9, 6), (-7, -9), (-1, -2), (6, 1), (8, -9), (1, 3), (-2, -3)]
5	3.1622776601683795	7.115791980761458	6.297051591288316	7.874007874011811	2	[4.123105625617661, 6.4031242374328485, 12.041594578792296, 9.848857801796104, 3.1622776601683795]	[(-4, -1), (4, -5), (8, 9), (-9, -4), (3, -1)]
1	12.727922061357855	12.727922061357855	12.727922061357855	12.727922061357855	1	[12.727922061357855]	[(9, -9)]
4	7.0	8.221031868158516	8.179372937857016	8.261355820929152	1	[8.602325267042627, 9.219544457292887, 7.0, 8.06225774829855]	[(-7, 5), (-9, -2), (0, -7), (-4, -7)]
2	4.123105625617661	6.561552812808831	6.091629554606793	7.0	2	[4.123105625617661, 9.0]	[(-1, -4), (0, 9)]
14	2.0	6.964927864143094	6.4867460536593144	7.314369419163897	4	[9.055385138137417, 2.0, 8.94427190999916, 10.0, 4.47213595499958, 7.810249675906654, 7.615773105863909, 7.615773105863909, 9.486832980505138, 5.0, 5.0990195135927845, 6.708203932499369, 5.0990195135927845, 8.602325267042627]	[(9, -1), (0, -2), (8, 4), (8, -6), (-2, 4), (-6, 5), (7, -3), (-3, -7), (-9, 3), (-5, 0), (-5, -1), (6, -3), (-5, 1), (-7, 5)]
6	2.23606797749979	6.0026095751092905	5.255218596957575	6.60807586719967	4	[8.94427190999916, 2.23606797749979, 5.0, 9.219544457292887, 3.0, 7.615773105863909]	[(-8, -4), (2, 1), (-3, -4), (-9, -2), (0, -3), (-7, -3)]
8	5.0990195135927845	8.00185494876503	7.838725308436806	8.154753215150045	3	[7.0, 8.06225774829855, 10.816653826391969, 8.06225774829855, 8.54400374531753, 7.211102550927978, 5.0990195135927845, 9.219544457292887]	[(-7, 0), (1, 8), (-6, -9), (-1, 8), (8, 3), (-6, -4), (-1, 5), (6, 7)]
11	1.4142135623730951	6.198885310854409	5.482251185670912	6.714976477316141	4	[9.219544457292887, 4.123105625617661, 4.242640687119285, 3.1622776601683795, 9.055385138137417, 6.082762530298219, 7.280109889280518, 9.899494936611665, 7.0, 1.4142135623730951, 6.708203932499369]	[(2, -9), (4, 1), (3, -3), (1, -3), (1, -9), (-1, 6), (7, 2), (-7, 7), (0, 7), (-1, 1), (-6, 3)]
8	2.0	6.366035669911856	5.413155577228908	7.0622234459127675	4	[2.23606797749979, 9.055385138137417, 2.0, 7.0710678118654755, 10.295630140987, 3.605551275463989, 8.602325267042627, 8.06225774829855]	[(2, 1), (-9, -1), (2, 0), (7, -1), (-9, -5), (2, -3), (7, 5), (-7, 4)]
4	5.0990195135927845	9.38913821199856	8.910417003589906	9.785192895390463	1	[12.727922061357855, 5.0990195135927845, 9.433981132056603, 10.295630140987]	[(9, 9), (1, 5), (8, -5), (-5, 9)]
15	2.23606797749979	6.722455712019677	6.293984246464223	7.066352194260722	3	[10.0, 7.0, 9.848857801796104, 8.54400374531753, 2.23606797749979, 4.47213595499958, 4.123105625617661, 8.06225774829855, 7.211102550927978, 5.830951894845301, 5.656854249492381, 6.708203932499369, 9.055385138137417, 4.47213595499958, 7.615773105863909]	[(-6, -8), (0, -7), (9, -4), (-3, 8), (2, -1), (-4, 2), (-1, 4), (-4, 7), (6, -4), (5, 3), (4, -4), (6, -3), (-1, -9), (4, -2), (-7, 3)]
20	2.0	7.3903362683616125	6.573864471054601	7.981227975693966	5	[3.605551275463989, 10.295630140987, 12.727922061357855, 7.280109889280518, 4.242640687119285, 8.246211251235321, 7.211102550927978, 10.63014581273465, 7.0710678118654755, 3.1622776601683795, 8.602325267042627, 9.219544457292887, 8.06225774829855, 7.615773105863909, 10.816653826391969, 5.656854249492381, 2.0, 2.0, 8.54400374531753, 10.816653826391969]	[(3, 2), (-5, -9), (-9, -9), (-2, 7), (3, 3), (-2, 8), (6, -4), (7, -8), (-5, -5), (-3, -1), (5, -7), (6, -7), (-8, 1), (-3, 7), (-9, -6), (4, 4), (-2, 0), (2, 0), (8, -3), (9, 6)]
6	5.0990195135927845	7.061074185942766	6.914058383080315	7.199537022151725	2	[9.055385138137417, 7.211102550927978, 7.615773105863909, 5.385164807134504, 8.0, 5.0990195135927845]	[(-9, 1), (-6, 4), (-3, 7), (-2, 5), (0, 8), (-1, -5)]
3	10.295630140987	11.68838226037905	11.642104154974255	11.73314393786536	1	[12.041594578792296, 12.727922061357855, 10.295630140987]	[(9, -8), (-9, 9), (9, -5)]
8	3.605551275463989	6.79429923778452	6.510787755245472	7.0178344238090995	2	[8.602325267042627, 3.605551275463989, 7.280109889280518, 7.0710678118654755, 7.615773105863909, 4.123105625617661, 8.246211251235321, 7.810249675906654]	[(5, -7), (-2, -3), (-7, -2), (-1, -7), (-3, -7), (4, -1), (2, -8), (5, -6)]
5	6.082762530298219	8.315447316604281	8.216811805540424	8.402380615040002	2	[9.219544457292887, 8.0, 9.055385138137417, 9.219544457292887, 6.082762530298219]	[(6, 7), (0, 8), (-1, 9), (7, -6), (-6, 1)]
5	3.605551275463989	6.938478664759242	6.402152512281703	7.469939758793239	3	[5.0, 11.40175425099138, 3.605551275463989, 6.082762530298219, 8.602325267042627]	[(3, 4), (-9, 7), (-3, 2), (-1, 6), (-7, -5)]
7	7.280109889280518	8.533097026421443	8.475277861386713	8.59401785296859	2	[7.615773105863909, 8.54400374531753, 9.055385138137417, 7.280109889280518, 10.63014581273465, 8.54400374531753, 8.06225774829855]	[(7, -3), (-8, -3), (-1, -9), (7, -2), (7, -8), (-8, 3), (1, 8)]
15	4.0	8.517991678676207	8.111458322452165	8.861903482510591	3	[9.219544457292887, 8.94427190999916, 11.40175425099138, 4.47213595499958, 5.830951894845301, 7.280109889280518, 10.295630140987, 11.40175425099138, 12.041594578792296, 6.4031242374328485, 4.0, 9.848857801796104, 10.63014581273465, 8.0, 8.0]	[(7, 6), (8, 4), (-7, -9), (-2, 4), (-5, 3), (-7, 2), (9, 5), (7, -9), (9, 8), (5, -4), (-4, 0), (-4, -9), (8, 7), (8, 0), (0, -8)]
7	5.0	7.323080897472683	7.1233554076169625	7.502380574571933	1	[8.48528137423857, 5.0, 6.708203932499369, 8.246211251235321, 5.0, 8.602325267042627, 9.219544457292887]	[(-6, -6), (5, 0), (3, 6), (-2, -8), (0, 5), (-7, 5), (7, -6)]
11	3.1622776601683795	7.18088845007693	6.752702149773308	7.543811431172634	4	[8.246211251235321, 10.295630140987, 8.06225774829855, 5.0, 9.433981132056603, 4.47213595499958, 7.0710678118654755, 10.0, 5.0, 8.246211251235321, 3.1622776601683795]	[(2, 8), (-5, 9), (-7, -4), (-4, 3), (-8, 5), (-4, 2), (-7, -1), (-6, -8), (0, 5), (-8, 2), (-1, 3)]
6	2.23606797749979	7.7511485542722225	6.788160766313123	8.436033823229176	2	[2.23606797749979, 10.816653826391969, 7.810249675906654, 8.602325267042627, 5.0, 12.041594578792296]	[(1, -2), (-9, -6), (-5, -6), (7, -5), (0, 5), (-8, 9)]
18	1.0	7.690646002647949	6.620910876773373	8.296585643102429	5	[9.0, 3.1622776601683795, 9.848857801796104, 8.602325267042627, 9.219544457292887, 3.1622776601683795, 9.848857801796104, 11.40175425099138, 12.041594578792296, 7.0710678118654755, 6.708203932499369, 8.54400374531753, 1.0, 9.219544457292887, 2.23606797749979, 8.246211251235321, 9.899494936611665, 9.219544457292887]	[(0, -9), (1, 3), (4, -9), (-5, -7), (-9, -2), (-1, -3), (9, -4), (-9, -7), (-8, 9), (-7, 1), (-6, -3), (-8, -3), (0, -1), (-6, -7), (-1, -2), (-2, 8), (7, -7), (-6, 7)]
12	1.0	5.203523319720894	4.330307226798308	5.894913061275798	5	[2.0, 1.0, 7.0710678118654755, 6.082762530298219, 6.708203932499369, 2.23606797749979, 9.848857801796104, 4.0, 5.385164807134504, 9.848857801796104, 5.0990195135927845, 3.1622776601683795]	[(0, 2), (-1, 0), (-7, 1), (-6, -1), (-6, 3), (1, 2), (-9, -4), (0, 4), (2, 5), (-4, 9), (-1, 5), (-1, 3)]
2	4.123105625617661	7.376625719176156	6.620363585304228	8.06225774829855	1	[4.123105625617661, 10.63014581273465]	[(-4, -1), (7, 8)]
14	2.8284271247461903	7.658010079116066	7.169317309806988	8.04895734152656	3	[10.63014581273465, 2.8284271247461903, 6.4031242374328485, 5.0, 9.219544457292887, 11.313708498984761, 8.06225774829855, 5.0990195135927845, 4.242640687119285, 9.055385138137417, 9.0, 10.295630140987, 8.06225774829855, 8.0]	[(-7, 8), (-2, 2), (5, -4), (4, -3), (-9, 2), (-8, 8), (-7, -4), (-1, -5), (-3, -3), (-9, 1), (0, -9), (-9, 5), (4, -7), (0, 8)]
8	6.324555320336759	9.353421100786482	9.137241120864113	9.55902714715258	2	[6.324555320336759, 11.40175425099138, 11.40175425099138, 12.041594578792296, 9.0, 9.055385138137417, 8.602325267042627, 7.0]	[(2, -6), (9, 7), (-7, -9), (9, -8), (0, 9), (-9, 1), (-5, -7), (0, 7)]
17	3.605551275463989	8.033553859451661	7.5287227817582245	8.478346120628508	3	[5.0, 3.605551275463989, 5.0990195135927845, 8.06225774829855, 6.708203932499369, 9.899494936611665, 9.899494936611665, 10.63014581273465, 6.4031242374328485, 12.727922061357855, 12.727922061357855, 9.848857801796104, 3.605551275463989, 7.0710678118654755, 8.0, 9.219544457292887, 8.06225774829855]	[(3, -4), (-3, -2), (1, -5), (8, -1), (-6, 3), (-7, 7), (7, -7), (-7, 8), (5, 4), (9, 9), (-9, -9), (-9, -4), (2, -3), (5, -5), (0, -8), (6, 7), (-8, -1)]
7	5.0	8.227940372603031	7.8511580863262225	8.610624666239792	2	[5.830951894845301, 9.055385138137417, 5.0, 10.63014581273465, 7.280109889280518, 7.0710678118654755, 12.727922061357855]	[(-3, -5), (9, 1), (3, -4), (7, 8), (7, -2), (-5, -5), (-9, -9)]
4	6.082762530298219	6.813971156445902	6.7725332219004235	6.855654600401044	2	[6.082762530298219, 6.082762530298219, 7.810249675906654, 7.280109889280518]	[(-1, 6), (6, -1), (6, 5), (-2, -7)]
14	3.0	7.739832898003476	7.126232630252719	8.228869042236953	3	[8.06225774829855, 8.94427190999916, 9.055385138137417, 7.615773105863909, 12.041594578792296, 9.899494936611665, 7.280109889280518, 3.605551275463989, 11.313708498984761, 3.0, 4.47213595499958, 10.0, 8.94427190999916, 4.123105625617661]	[(1, 8), (8, -4), (1, 9), (7, 3), (8, 9), (-7, 7), (-2, -7), (-3, 2), (8, 8), (-3, 0), (-2, -4), (-8, -6), (4, 8), (1, -4)]
4	3.1622776601683795	6.6062991550721435	5.686465629677889	7.516648189186454	2	[12.041594578792296, 3.1622776601683795, 3.605551275463989, 7.615773105863909]	[(-8, 9), (-1, 3), (-3, 2), (7, 3)]
13	3.605551275463989	7.859035954623883	7.422022937870944	8.22285744831957	3	[10.295630140987, 10.0, 6.708203932499369, 10.0, 9.219544457292887, 3.605551275463989, 4.47213595499958, 8.602325267042627, 10.816653826391969, 5.385164807134504, 8.06225774829855, 10.0, 5.0]	[(5, 9), (8, 6), (-3, 6), (8, -6), (-6, 7), (-2, 3), (2, -4), (7, 5), (-6, 9), (-5, 2), (1, 8), (-6, -8), (-5, 0)]
14	3.1622776601683795	6.619064817515697	6.188012867889621	7.015289424840982	3	[5.830951894845301, 3.1622776601683795, 10.295630140987, 8.06225774829855, 7.0710678118654755, 3.605551275463989, 5.385164807134504, 8.94427190999916, 5.0, 9.848857801796104, 7.810249675906654, 9.055385138137417, 4.47213595499958, 4.123105625617661]	[(5, -3), (-1, -3), (5, 9), (7, -4), (5, -5), (-2, 3), (5, 2), (4, 8), (0, -5), (-9, -4), (6, 5), (1, -9), (4, 2), (-1, -4)]
18	1.4142135623730951	6.9658241574307675	6.324025095797755	7.423685817106696	5	[9.433981132056603, 4.0, 7.615773105863909, 8.94427190999916, 9.848857801796104, 9.848857801796104, 8.94427190999916, 4.242640687119285, 9.219544457292887, 5.0, 4.47213595499958, 5.0, 4.242640687119285, 1.4142135623730951, 8.94427190999916, 7.810249675906654, 6.4031242374328485, 10.0]	[(-5, -8), (4, 0), (-7, 3), (-8, 4), (9, -4), (-4, -9), (-4, -8), (-3, 3), (-6, -7), (0, -5), (4, 2), (4, 3), (3, 3), (1, 1), (-4, 8), (5, -6), (-4, -5), (8, 6)]
15	1.4142135623730951	6.647766267041937	5.65178147680249	7.389181280764467	5	[9.848857801796104, 1.4142135623730951, 2.0, 5.385164807134504, 3.1622776601683795, 7.0710678118654755, 4.242640687119285, 7.211102550927978, 9.055385138137417, 8.0, 8.602325267042627, 7.280109889280518, 3.0, 12.041594578792296, 11.40175425099138]	[(-9, 4), (-1, -1), (0, -2), (-5, 2), (3, 1), (5, -5), (-3, -3), (4, -6), (-1, -9), (0, -8), (-7, 5), (-2, 7), (-3, 0), (-8, 9), (9, 7)]
14	3.1622776601683795	7.390206171282807	7.029924289639281	7.685793945418298	3	[6.324555320336759, 9.486832980505138, 4.123105625617661, 8.54400374531753, 6.324555320336759, 7.280109889280518, 9.0, 10.63014581273465, 7.615773105863909, 3.1622776601683795, 8.06225774829855, 5.0990195135927845, 7.810249675906654, 10.0]	[(-2, -6), (9, 3), (-1, -4), (3, 8), (-6, -2), (2, -7), (9, 0), (-8, -7), (-7, -3), (-3, -1), (7, -4), (5, 1), (-6, -5), (6, 8)]
8	5.830951894845301	8.659364828372185	8.521801647901135	8.782084035125148	3	[10.295630140987, 7.0, 8.54400374531753, 8.602325267042627, 9.219544457292887, 10.295630140987, 9.486832980505138, 5.830951894845301]	[(-9, -5), (7, 0), (-3, -8), (5, 7), (-9, -2), (5, 9), (9, 3), (-5, 3)]
18	2.0	7.229435971804277	6.431170799280264	7.828012377211586	5	[7.0710678118654755, 8.06225774829855, 10.295630140987, 4.242640687119285, 3.605551275463989, 7.0, 10.63014581273465, 2.0, 4.47213595499958, 2.23606797749979, 4.123105625617661, 9.219544457292887, 10.63014581273465, 9.899494936611665, 7.810249675906654, 8.246211251235321, 12.041594578792296, 8.54400374531753]	[(-7, 1), (-4, 7), (5, 9), (-3, -3), (-2, -3), (0, 7), (-7, -8), (0, -2), (2, -4), (1, 2), (1, -4), (-9, 2), (7, -8), (-7, -7), (-5, 6), (2, 8), (-9, -8), (8, -3)]
9	2.23606797749979	7.868043403094617	6.954245393289079	8.48528137423857	3	[8.06225774829855, 11.313708498984761, 7.280109889280518, 9.848857801796104, 2.23606797749979, 12.041594578792296, 3.0, 7.810249675906654, 9.219544457292887]	[(-4, -7), (-8, 8), (-7, -2), (4, -9), (-1, -2), (9, 8), (0, 3), (-6, -5), (6, -7)]
8	3.605551275463989	7.055773872531757	6.556564600063152	7.558108228915487	2	[11.40175425099138, 5.0990195135927845, 3.605551275463989, 5.0, 6.324555320336759, 10.63014581273465, 5.385164807134504, 9.0]	[(-7, -9), (-5, -1), (-3, 2), (4, 3), (-6, -2), (8, 7), (2, -5), (-9, 0)]
19	1.0	6.980456517786576	6.117596863786816	7.577668020676212	4	[5.656854249492381, 6.4031242374328485, 9.0, 1.0, 3.0, 8.246211251235321, 11.40175425099138, 9.486832980505138, 8.54400374531753, 9.219544457292887, 9.899494936611665, 5.0, 9.219544457292887, 11.40175425099138, 4.0, 4.0, 3.605551275463989, 5.0, 8.54400374531753]	[(4, -4), (-4, -5), (0, -9), (1, 0), (-3, 0), (-2, -8), (-7, 9), (3, 9), (8, 3), (6, 7), (-7, -7), (-4, 3), (9, -2), (-7, -9), (0, 4), (0, -4), (3, -2), (0, 5), (-3, 8)]
14	1.4142135623730951	6.574535258650479	5.736392930016455	7.186296483088987	4	[8.54400374531753, 2.23606797749979, 1.4142135623730951, 9.219544457292887, 12.041594578792296, 5.0990195135927845, 3.605551275463989, 9.486832980505138, 7.211102550927978, 7.810249675906654, 6.0, 4.123105625617661, 8.54400374531753, 6.708203932499369]	[(3, -8), (-1, -2), (1, 1), (6, -7), (-8, -9), (-1, -5), (-3, 2), (-3, 9), (4, -6), (6, 5), (0, 6), (-1, 4), (3, 8), (3, -6)]
13	1.0	6.105820620887395	5.285258591527905	6.736810475634251	5	[6.4031242374328485, 3.605551275463989, 11.40175425099138, 1.0, 5.0990195135927845, 6.082762530298219, 3.1622776601683795, 10.816653826391969, 5.385164807134504, 4.47213595499958, 6.324555320336759, 9.219544457292887, 6.4031242374328485]	[(-5, 4), (3, -2), (7, 9), (0, 1), (5, -1), (1, 6), (-1, 3), (-9, 6), (2, -5), (-2, -4), (-2, -6), (-6, 7), (-4, -5)]
13	2.8284271247461903	7.758903535180334	7.4321003270275465	7.995190862204411	2	[8.48528137423857, 10.63014581273465, 9.055385138137417, 7.211102550927978, 10.0, 8.94427190999916, 8.54400374531753, 7.0710678118654755, 2.8284271247461903, 8.246211251235321, 7.615773105863909, 6.4031242374328485, 5.830951894845301]	[(6, -6), (7, 8), (9, 1), (-6, -4), (-6, 8), (-8, 4), (3, 8), (7, 1), (-2, -2), (-8, -2), (3, -7), (5, -4), (-5, -3)]
14	2.0	6.237307197255681	5.366292725449882	6.917885721601857	5	[8.602325267042627, 5.656854249492381, 2.0, 2.23606797749979, 7.211102550927978, 10.816653826391969, 2.0, 3.605551275463989, 4.0, 5.0990195135927845, 9.055385138137417, 9.848857801796104, 8.94427190999916, 8.246211251235321]	[(7, -5), (4, 4), (0, 2), (2, 1), (4, 6), (-6, 9), (-2, 0), (2, 3), (0, -4), (-5, 1), (-9, -1), (4, -9), (-4, 8), (-2, -8)]
8	5.830951894845301	8.764262800056748	8.615837601609359	8.90926484060273	1	[9.055385138137417, 8.602325267042627, 8.48528137423857, 5.830951894845301, 8.06225774829855, 12.041594578792296, 8.602325267042627, 9.433981132056603]	[(-1, -9), (-7, -5), (6, 6), (-3, 5), (-8, -1), (-9, 8), (7, -5), (-5, -8)]
11	1.4142135623730951	6.208585915254818	5.568858620286941	6.68104510060841	3	[8.0, 10.63014581273465, 6.4031242374328485, 4.242640687119285, 7.0710678118654755, 5.0, 1.4142135623730951, 7.0710678118654755, 4.242640687119285, 5.0, 9.219544457292887]	[(8, 0), (8, 7), (5, 4), (3, -3), (-5, -5), (0, 5), (-1, -1), (-5, 5), (-3, 3), (5, 0), (-7, -6)]
17	2.23606797749979	7.051677631609359	6.510571929523642	7.510776571426043	4	[11.40175425099138, 8.06225774829855, 7.211102550927978, 10.0, 4.0, 3.605551275463989, 9.848857801796104, 5.0990195135927845, 2.23606797749979, 7.280109889280518, 8.602325267042627, 5.830951894845301, 6.324555320336759, 8.06225774829855, 5.0, 11.313708498984761, 6.0]	[(-7, -9), (-1, 8), (-4, 6), (6, -8), (0, -4), (3, -2), (-4, -9), (-5, 1), (-1, 2), (-2, -7), (-7, 5), (5, -3), (-6, 2), (-4, 7), (3, 4), (8, -8), (0, 6)]
13	2.23606797749979	7.025790357554467	6.354542015678042	7.575263387144726	3	[4.0, 5.830951894845301, 10.295630140987, 4.0, 8.94427190999916, 3.605551275463989, 8.06225774829855, 7.0710678118654755, 7.0710678118654755, 10.816653826391969, 11.40175425099138, 2.23606797749979, 8.0]	[(0, 4), (5, 3), (5, 9), (4, 0), (-8, -4), (-2, 3), (-8, -1), (-5, 5), (1, 7), (6, 9), (9, -7), (-1, -2), (-8, 0)]
7	5.656854249492381	8.717128383304615	8.5525868327575	8.864052604279182	2	[5.656854249492381, 10.295630140987, 7.810249675906654, 8.06225774829855, 8.94427190999916, 10.816653826391969, 9.433981132056603]	[(4, -4), (9, 5), (5, -6), (-8, 1), (4, 8), (-9, 6), (8, 5)]
15	3.1622776601683795	8.351657848526354	7.8702387622642265	8.733078876700167	3	[11.313708498984761, 10.0, 5.830951894845301, 10.63014581273465, 8.48528137423857, 10.0, 12.041594578792296, 10.63014581273465, 7.0710678118654755, 8.54400374531753, 9.848857801796104, 7.0710678118654755, 3.1622776601683795, 6.4031242374328485, 4.242640687119285]	[(-8, -8), (-8, -6), (-3, -5), (-8, 7), (-6, -6), (8, -6), (9, -8), (7, 8), (1, 7), (3, -8), (-9, 4), (-5, 5), (1, -3), (4, -5), (3, -3)]
7	3.605551275463989	8.104632412153922	7.600520147790306	8.510497719203704	2	[9.486832980505138, 10.816653826391969, 11.313708498984761, 8.06225774829855, 5.385164807134504, 8.06225774829855, 3.605551275463989]	[(3, 9), (-6, 9), (8, -8), (-4, 7), (5, 2), (1, -8), (-2, 3)]
17	3.605551275463989	8.65994294589254	8.32012891642293	8.94427190999916	2	[10.63014581273465, 8.54400374531753, 8.06225774829855, 8.246211251235321, 12.041594578792296, 8.0, 8.0, 12.041594578792296, 3.605551275463989, 10.0, 11.40175425099138, 5.830951894845301, 6.324555320336759, 9.433981132056603, 6.082762530298219, 9.486832980505138, 9.486832980505138]	[(-7, 8), (-3, -8), (-7, 4), (-2, 8), (9, 8), (0, 8), (8, 0), (8, -9), (-3, -2), (-8, -6), (-9, -7), (-3, 5), (6, -2), (5, -8), (-6, -1), (-9, -3), (3, -9)]
11	2.8284271247461903	6.728903451426077	6.284438291785678	7.1223081039275975	3	[2.8284271247461903, 8.06225774829855, 10.63014581273465, 4.242640687119285, 8.06225774829855, 9.219544457292887, 9.055385138137417, 5.656854249492381, 6.4031242374328485, 4.47213595499958, 5.385164807134504]	[(-2, -2), (-1, -8), (7, -8), (-3, 3), (-4, -7), (7, 6), (-9, 1), (-4, 4), (-5, -4), (4, -2), (-5, -2)]
2	4.123105625617661	6.092681686958105	5.765547699671673	6.4031242374328485	1	[8.06225774829855, 4.123105625617661]	[(1, 8), (-4, 1)]
13	4.123105625617661	8.265125282169537	7.935460316380436	8.548504142651103	2	[8.94427190999916, 6.324555320336759, 6.708203932499369, 10.295630140987, 8.246211251235321, 10.295630140987, 7.0710678118654755, 10.816653826391969, 4.123105625617661, 11.40175425099138, 9.0, 5.0, 9.219544457292887]	[(-4, 8), (-6, 2), (3, 6), (-5, -9), (-2, 8), (9, -5), (1, 7), (6, 9), (4, -1), (-7, -9), (0, 9), (3, -4), (-2, 9)]
18	4.0	7.391148245235446	6.942836167712827	7.817359599705716	3	[9.0, 6.082762530298219, 4.123105625617661, 8.06225774829855, 5.0, 7.0710678118654755, 8.246211251235321, 12.727922061357855, 7.0, 10.63014581273465, 9.219544457292887, 4.123105625617661, 4.0, 4.47213595499958, 8.246211251235321, 5.0, 9.219544457292887, 10.816653826391969]	[(0, -9), (6, -1), (-1, -4), (-1, 8), (5, 0), (1, 7), (-8, -2), (-9, -9), (0, -7), (8, 7), (-7, 6), (1, 4), (4, 0), (-4, 2), (8, -2), (4, 3), (6, 7), (-6, -9)]
15	3.1622776601683795	7.509528453583351	7.004973128173872	7.937253933193772	4	[10.63014581273465, 5.830951894845301, 5.830951894845301, 10.0, 9.433981132056603, 10.0, 7.810249675906654, 5.0, 3.1622776601683795, 9.899494936611665, 5.0, 9.219544457292887, 6.4031242374328485, 10.816653826391969, 3.605551275463989]	[(-7, 8), (5, 3), (3, 5), (-6, 8), (-5, -8), (6, 8), (-6, 5), (-3, 4), (-3, -1), (7, 7), (-4, 3), (-6, -7), (4, -5), (-9, -6), (-2, 3)]
9	5.0	7.537524737334923	7.419923111183522	7.644896627453143	2	[7.0710678118654755, 7.280109889280518, 8.602325267042627, 8.94427190999916, 8.246211251235321, 5.0, 7.0710678118654755, 6.4031242374328485, 9.219544457292887]	[(-1, 7), (7, 2), (-7, 5), (4, -8), (-2, 8), (0, -5), (-7, -1), (4, 5), (-9, -2)]
5	7.280109889280518	9.656812896462352	9.500718976329882	9.808159868191384	1	[9.899494936611665, 10.816653826391969, 8.246211251235321, 7.280109889280518, 12.041594578792296]	[(7, 7), (9, -6), (-8, 2), (-2, 7), (-8, -9)]
7	2.23606797749979	5.391256576315937	4.750250063854346	6.094494002200441	3	[2.23606797749979, 10.816653826391969, 4.123105625617661, 4.0, 4.47213595499958, 8.48528137423857, 3.605551275463989]	[(-1, 2), (-6, -9), (-4, -1), (-4, 0), (-4, 2), (-6, -6), (-2, -3)]
1	7.0	7.0	7.0	7.0	1	[7.0]	[(7, 0)]
14	2.23606797749979	7.049586369631759	6.448667629415947	7.55456342692472	3	[8.48528137423857, 5.0990195135927845, 9.219544457292887, 11.40175425099138, 4.123105625617661, 6.324555320336759, 5.830951894845301, 6.4031242374328485, 3.605551275463989, 10.63014581273465, 6.708203932499369, 7.810249675906654, 2.23606797749979, 10.816653826391969]	[(-6, 6), (-1, -5), (9, 2), (7, 9), (-1, 4), (6, 2), (3, 5), (-5, -4), (3, 2), (8, 7), (-6, -3), (-6, 5), (-1, 2), (-9, -6)]
12	2.0	6.447355944280076	5.760971605043717	6.958208581716034	3	[7.211102550927978, 2.23606797749979, 7.0710678118654755, 2.0, 10.0, 5.0, 4.123105625617661, 7.211102550927978, 5.385164807134504, 9.219544457292887, 8.06225774829855, 9.848857801796104]	[(-4, -6), (2, 1), (-5, 5), (2, 0), (8, 6), (-3, -4), (4, -1), (-6, -4), (2, 5), (-9, -2), (1, -8), (4, 9)]
6	4.0	6.974865033070955	6.662617579093301	7.268654162452175	3	[6.324555320336759, 5.385164807134504, 7.0710678118654755, 9.848857801796104, 9.219544457292887, 4.0]	[(-6, 2), (-5, 2), (-1, 7), (9, -4), (6, 7), (-4, 0)]
4	2.23606797749979	7.113961510331151	6.1101671742855785	7.810249675906654	2	[6.4031242374328485, 2.23606797749979, 10.816653826391969, 9.0]	[(4, -5), (1, 2), (-6, -9), (9, 0)]
15	1.0	7.520782830656029	6.685988653369241	7.99583224769838	2	[8.246211251235321, 3.605551275463989, 9.486832980505138, 10.295630140987, 5.656854249492381, 11.313708498984761, 1.0, 7.615773105863909, 7.0710678118654755, 7.810249675906654, 10.0, 5.830951894845301, 10.816653826391969, 8.06225774829855, 6.0]	[(-2, -8), (-3, -2), (9, 3), (-5, 9), (4, 4), (8, -8), (-1, 0), (7, -3), (7, -1), (6, -5), (-6, -8), (3, 5), (-6, 9), (8, 1), (0, 6)]
7	3.1622776601683795	6.674652364903161	6.129505138456484	7.1614044911395895	2	[6.0, 3.1622776601683795, 7.810249675906654, 10.295630140987, 3.605551275463989, 6.0, 9.848857801796104]	[(-6, 0), (1, -3), (-6, 5), (-5, -9), (-3, -2), (0, 6), (-9, 4)]
14	2.23606797749979	7.060391853814997	6.482563818825344	7.507139459017853	3	[2.23606797749979, 3.1622776601683795, 8.06225774829855, 6.082762530298219, 9.0, 4.47213595499958, 11.313708498984761, 8.246211251235321, 9.486832980505138, 9.433981132056603, 9.055385138137417, 7.211102550927978, 5.0, 6.082762530298219]	[(-2, -1), (1, 3), (-4, 7), (-6, -1), (9, 0), (-4, 2), (8, -8), (-8, 2), (-3, 9), (8, 5), (-1, -9), (4, 6), (-3, 4), (-6, 1)]
7	3.1622776601683795	6.060214323866709	5.691415523808309	6.4031242374328485	2	[4.123105625617661, 6.4031242374328485, 3.1622776601683795, 7.211102550927978, 9.433981132056603, 4.47213595499958, 7.615773105863909]	[(4, -1), (4, 5), (1, -3), (-4, -6), (-8, 5), (-4, -2), (7, -3)]
2	8.54400374531753	9.419816943152266	9.379013939908448	9.460443964212251	1	[8.54400374531753, 10.295630140987]	[(-3, -8), (5, -9)]
17	2.23606797749979	8.247375201338043	7.728763683338794	8.605743636049809	3	[4.242640687119285, 10.295630140987, 7.615773105863909, 2.23606797749979, 9.433981132056603, 7.0710678118654755, 5.385164807134504, 8.94427190999916, 9.433981132056603, 10.295630140987, 11.40175425099138, 10.816653826391969, 7.615773105863909, 7.280109889280518, 7.211102550927978, 10.63014581273465, 10.295630140987]	[(3, -3), (-5, -9), (7, -3), (2, -1), (-8, 5), (1, -7), (5, 2), (4, -8), (5, 8), (9, -5), (-9, 7), (-9, 6), (3, -7), (7, 2), (-6, -4), (-8, -7), (5, 9)]
20	4.123105625617661	7.9391468097008	7.611274835010488	8.240145629781066	4	[10.63014581273465, 10.295630140987, 5.0, 7.615773105863909, 11.40175425099138, 9.055385138137417, 11.40175425099138, 5.830951894845301, 5.0990195135927845, 4.123105625617661, 8.06225774829855, 10.295630140987, 9.219544457292887, 7.810249675906654, 9.433981132056603, 8.246211251235321, 7.211102550927978, 7.280109889280518, 5.385164807134504, 5.385164807134504]	[(-7, -8), (-5, 9), (0, -5), (-7, 3), (-9, 7), (1, 9), (-7, -9), (3, 5), (-5, 1), (-4, -1), (4, 7), (-5, -9), (-9, 2), (-6, -5), (8, 5), (-8, 2), (-4, -6), (2, 7), (-5, 2), (2, -5)]
10	3.1622776601683795	8.087576204231395	7.460883885399314	8.602325267042627	2	[8.246211251235321, 4.47213595499958, 12.041594578792296, 8.06225774829855, 8.0, 5.0, 12.041594578792296, 3.1622776601683795, 10.63014581273465, 9.219544457292887]	[(8, -2), (-2, 4), (8, -9), (-7, -4), (0, 8), (-3, -4), (-8, 9), (-3, 1), (8, 7), (7, 6)]
3	8.246211251235321	9.048055553088316	9.005498321558807	9.092121131323903	1	[10.295630140987, 8.246211251235321, 8.602325267042627]	[(5, 9), (8, 2), (-7, -5)]
1	3.605551275463989	3.605551275463989	3.605551275463989	3.605551275463989	1	[3.605551275463989]	[(-2, 3)]
19	1.4142135623730951	7.373347737061373	6.549256928944703	7.8706650558293125	3	[1.4142135623730951, 9.899494936611665, 8.06225774829855, 7.280109889280518, 6.324555320336759, 12.041594578792296, 9.0, 11.40175425099138, 10.295630140987, 7.0710678118654755, 7.615773105863909, 8.246211251235321, 9.219544457292887, 7.615773105863909, 6.4031242374328485, 5.0, 5.385164807134504, 1.4142135623730951, 6.4031242374328485]	[(1, -1), (7, 7), (7, 4), (-7, -2), (6, -2), (-9, 8), (0, -9), (9, 7), (-5, 9), (1, -7), (-3, 7), (-8, -2), (-7, 6), (3, 7), (-4, 5), (-3, -4), (2, 5), (-1, -1), (4, 5)]
9	1.4142135623730951	5.7536671615363115	4.620279297824714	6.60807586719967	4	[9.219544457292887, 9.486832980505138, 3.605551275463989, 9.433981132056603, 1.4142135623730951, 6.324555320336759, 2.23606797749979, 2.0, 8.06225774829855]	[(-7, 6), (-3, 9), (-3, 2), (8, 5), (1, -1), (-6, -2), (1, -2), (2, 0), (1, 8)]
13	1.0	7.0475643791546645	6.088133502500507	7.671124679351382	3	[9.486832980505138, 5.830951894845301, 9.899494936611665, 5.0, 11.313708498984761, 12.041594578792296, 5.385164807134504, 6.708203932499369, 7.810249675906654, 1.0, 7.0710678118654755, 3.0, 7.0710678118654755]	[(-9, -3), (3, -5), (-7, -7), (3, 4), (8, 8), (9, -8), (2, -5), (3, -6), (-6, 5), (0, 1), (1, 7), (-3, 0), (-1, -7)]
4	5.0990195135927845	7.29984311125359	7.150309467604801	7.433034373659253	2	[8.48528137423857, 7.0710678118654755, 5.0990195135927845, 8.54400374531753]	[(-6, -6), (-7, -1), (-5, -1), (8, 3)]
10	3.605551275463989	7.5676172458003865	7.03381917204412	8.012490249604053	3	[3.605551275463989, 9.219544457292887, 10.0, 7.810249675906654, 9.848857801796104, 11.40175425099138, 7.0, 4.123105625617661, 8.54400374531753, 4.123105625617661]	[(3, 2), (9, 2), (-8, 6), (5, 6), (4, -9), (-7, 9), (0, 7), (-4, -1), (-8, -3), (-4, 1)]
19	3.1622776601683795	7.657675031608781	7.180941552467086	8.06225774829855	4	[7.0710678118654755, 11.313708498984761, 9.899494936611665, 9.848857801796104, 5.830951894845301, 4.47213595499958, 11.313708498984761, 8.94427190999916, 8.54400374531753, 3.1622776601683795, 8.48528137423857, 5.656854249492381, 3.1622776601683795, 7.615773105863909, 7.615773105863909, 7.615773105863909, 7.0710678118654755, 5.830951894845301, 12.041594578792296]	[(5, -5), (8, -8), (7, 7), (-9, 4), (3, 5), (2, 4), (-8, 8), (-4, 8), (-3, -8), (-3, -1), (-6, -6), (4, -4), (-1, 3), (3, 7), (7, -3), (-7, -3), (7, 1), (-5, 3), (-8, 9)]
4	9.055385138137417	10.145953174358713	10.085049762984262	10.21028892833107	1	[12.041594578792296, 9.055385138137417, 9.486832980505138, 10.0]	[(9, -8), (1, -9), (3, -9), (6, -8)]
15	2.8284271247461903	6.954493123360536	6.282785307351536	7.5321532999092184	4	[10.63014581273465, 6.4031242374328485, 2.8284271247461903, 7.0710678118654755, 4.123105625617661, 12.041594578792296, 4.123105625617661, 5.656854249492381, 3.605551275463989, 9.219544457292887, 9.486832980505138, 7.810249675906654, 2.8284271247461903, 9.433981132056603, 9.055385138137417]	[(7, -8), (-4, -5), (2, -2), (5, 5), (4, -1), (-9, -8), (1, 4), (4, 4), (2, 3), (6, -7), (-9, 3), (5, 6), (-2, 2), (8, -5), (9, -1)]
13	2.0	6.307670407560772	5.88892116882223	6.615831827459852	4	[8.06225774829855, 4.123105625617661, 7.0710678118654755, 2.0, 7.810249675906654, 8.602325267042627, 9.219544457292887, 3.605551275463989, 6.082762530298219, 6.082762530298219, 6.4031242374328485, 7.280109889280518, 5.656854249492381]	[(4, -7), (1, -4), (5, -5), (2, 0), (-5, -6), (-7, 5), (6, -7), (2, -3), (-6, 1), (-1, 6), (-4, -5), (2, -7), (-4, 4)]
2	5.830951894845301	9.279436978101579	8.614865133077702	9.899494936611665	1	[12.727922061357855, 5.830951894845301]	[(9, 9), (-3, 5)]
14	2.0	6.490207848517255	5.777005598918838	7.060959060718512	3	[8.06225774829855, 3.605551275463989, 6.082762530298219, 6.708203932499369, 2.23606797749979, 4.123105625617661, 6.4031242374328485, 9.0, 10.816653826391969, 6.708203932499369, 5.0, 9.486832980505138, 2.0, 10.63014581273465]	[(-4, -7), (2, -3), (1, -6), (3, 6), (-2, 1), (-4, -1), (-5, -4), (0, 9), (-9, -6), (-6, 3), (0, 5), (-3, -9), (0, 2), (-7, -8)]
8	2.8284271247461903	6.525037237180333	5.863110034981592	7.158910531638177	3	[9.433981132056603, 6.708203932499369, 11.40175425099138, 9.219544457292887, 4.123105625617661, 4.242640687119285, 2.8284271247461903, 4.242640687119285]	[(-8, 5), (-3, -6), (7, -9), (6, 7), (1, -4), (3, -3), (-2, -2), (3, 3)]
1	8.246211251235321	8.246211251235321	8.246211251235321	8.246211251235321	1	[8.246211251235321]	[(8, 2)]
4	3.605551275463989	6.083729598674432	5.656900778273633	6.4807406984078595	2	[4.123105625617661, 8.54400374531753, 8.06225774829855, 3.605551275463989]	[(1, 4), (-8, 3), (4, 7), (3, 2)]
11	1.0	7.282259520773246	6.245680496122282	7.850882984503312	3	[5.830951894845301, 9.486832980505138, 8.602325267042627, 6.082762530298219, 10.63014581273465, 1.0, 3.1622776601683795, 8.06225774829855, 10.816653826391969, 9.219544457292887, 7.211102550927978]	[(-3, 5), (-9, -3), (5, -7), (6, -1), (7, 8), (0, 1), (1, -3), (-8, -1), (-6, 9), (7, -6), (-4, -6)]
18	1.4142135623730951	7.375234782934175	6.524481133663697	7.968688725254614	5	[4.123105625617661, 9.219544457292887, 11.40175425099138, 9.219544457292887, 5.0, 6.324555320336759, 2.8284271247461903, 1.4142135623730951, 9.848857801796104, 9.219544457292887, 9.219544457292887, 8.94427190999916, 7.211102550927978, 11.40175425099138, 11.313708498984761, 5.830951894845301, 3.1622776601683795, 7.0710678118654755]	[(-1, -4), (-2, -9), (9, -7), (-6, -7), (4, 3), (6, 2), (-2, -2), (1, -1), (-9, 4), (7, -6), (2, -9), (-4, -8), (4, -6), (9, 7), (-8, -8), (3, -5), (1, -3), (5, -5)]
2	4.47213595499958	6.043954530431744	5.835989438977148	6.244997998398399	1	[7.615773105863909, 4.47213595499958]	[(-7, -3), (2, 4)]
16	1.4142135623730951	6.601916874013308	5.755955097832166	7.211102550927978	4	[11.313708498984761, 4.0, 3.605551275463989, 2.23606797749979, 5.0, 7.280109889280518, 9.899494936611665, 8.0, 6.324555320336759, 1.4142135623730951, 8.06225774829855, 3.1622776601683795, 9.486832980505138, 9.055385138137417, 8.246211251235321, 8.54400374531753]	[(-8, 8), (4, 0), (-3, -2), (-2, 1), (5, 0), (-7, 2), (-7, -7), (-8, 0), (-6, 2), (-1, -1), (7, 4), (-1, -3), (-3, -9), (1, -9), (-2, 8), (3, -8)]
9	5.0	7.488649973628965	7.2839409552861945	7.681145747868608	2	[9.848857801796104, 8.06225774829855, 7.810249675906654, 5.0, 10.0, 8.06225774829855, 5.0, 6.4031242374328485, 7.211102550927978]	[(9, 4), (-4, 7), (-6, 5), (0, 5), (-6, -8), (8, 1), (-4, 3), (-5, 4), (-4, -6)]
1	7.810249675906654	7.810249675906654	7.810249675906654	7.810249675906654	1	[7.810249675906654]	[(-6, 5)]
14	4.123105625617661	7.530706430623461	7.210702141895832	7.819389819088006	2	[4.123105625617661, 8.06225774829855, 7.280109889280518, 10.295630140987, 7.810249675906654, 8.246211251235321, 7.0710678118654755, 11.40175425099138, 7.280109889280518, 5.0, 9.219544457292887, 9.433981132056603, 6.082762530298219, 4.123105625617661]	[(1, -4), (-4, -7), (-2, -7), (9, -5), (6, 5), (-8, 2), (-5, 5), (9, -7), (2, -7), (0, 5), (2, -9), (-8, -5), (6, -1), (-4, 1)]
4	1.4142135623730951	5.475415034310457	4.36206420942733	6.4031242374328485	2	[4.47213595499958, 1.4142135623730951, 5.385164807134504, 10.63014581273465]	[(4, 2), (1, 1), (5, 2), (-7, -8)]
1	7.280109889280518	7.280109889280518	7.280109889280518	7.280109889280518	1	[7.280109889280518]	[(7, 2)]
4	5.0990195135927845	7.109342314706701	6.834328514359335	7.416198487095664	1	[6.708203932499369, 10.63014581273465, 5.0990195135927845, 6.0]	[(-3, 6), (7, 8), (-5, -1), (6, 0)]
2	5.0	5.41547594742265	5.3995147443290215	5.431390245600108	1	[5.830951894845301, 5.0]	[(3, 5), (0, -5)]
14	3.0	7.778293663971648	7.316753818674479	8.12403840463596	3	[9.899494936611665, 10.295630140987, 8.246211251235321, 7.810249675906654, 10.295630140987, 9.219544457292887, 9.219544457292887, 4.123105625617661, 5.656854249492381, 3.0, 8.602325267042627, 4.47213595499958, 9.0, 9.055385138137417]	[(7, -7), (5, 9), (2, 8), (5, 6), (-9, -5), (-2, -9), (6, 7), (1, -4), (-4, -4), (0, 3), (-5, 7), (-2, -4), (0, 9), (-9, -1)]
8	1.4142135623730951	6.216720746496838	5.380122187655886	6.754628043053148	3	[1.4142135623730951, 3.0, 8.0, 8.06225774829855, 9.486832980505138, 8.06225774829855, 5.0, 6.708203932499369]	[(-1, 1), (0, -3), (8, 0), (-4, 7), (-3, 9), (4, -7), (-3, 4), (-6, 3)]
4	3.1622776601683795	7.263182510189195	6.223468058346781	8.18535277187245	2	[4.0, 3.1622776601683795, 9.848857801796104, 12.041594578792296]	[(0, -4), (-1, 3), (-4, -9), (8, 9)]
8	3.1622776601683795	6.324486958945059	5.865609676836235	6.717514421272202	3	[9.055385138137417, 6.4031242374328485, 8.94427190999916, 3.1622776601683795, 5.0, 6.324555320336759, 8.54400374531753, 3.1622776601683795]	[(9, 1), (-4, 5), (8, 4), (-1, 3), (5, 0), (2, 6), (3, -8), (3, -1)]
6	6.4031242374328485	8.754438781495057	8.650663742604971	8.850612031567836	2	[9.0, 9.486832980505138, 10.63014581273465, 8.94427190999916, 8.06225774829855, 6.4031242374328485]	[(0, -9), (-9, 3), (7, -8), (-4, 8), (-4, 7), (5, 4)]
15	3.605551275463989	8.002931278804127	7.625049288856186	8.32666399786453	3	[8.48528137423857, 5.0, 8.94427190999916, 10.63014581273465, 10.816653826391969, 8.54400374531753, 5.656854249492381, 5.0, 7.615773105863909, 8.54400374531753, 10.816653826391969, 11.313708498984761, 8.0, 7.0710678118654755, 3.605551275463989]	[(6, 6), (3, 4), (4, 8), (-8, 7), (-9, 6), (8, 3), (4, 4), (0, -5), (7, 3), (-3, -8), (9, -6), (8, -8), (0, 8), (7, 1), (2, -3)]
17	3.605551275463989	7.561874554410976	7.242982864751763	7.8627939952516055	3	[7.280109889280518, 9.219544457292887, 9.848857801796104, 6.4031242374328485, 7.615773105863909, 4.47213595499958, 6.708203932499369, 12.727922061357855, 9.486832980505138, 9.055385138137417, 5.385164807134504, 8.94427190999916, 3.605551275463989, 7.0710678118654755, 8.0, 5.656854249492381, 7.0710678118654755]	[(2, -7), (7, -6), (-4, -9), (-4, -5), (-7, 3), (-4, -2), (6, -3), (9, -9), (-3, 9), (-9, -1), (-2, -5), (-4, -8), (2, -3), (-5, -5), (0, 8), (4, 4), (-1, -7)]
14	3.605551275463989	7.440013565943688	7.080278310494733	7.755182598937123	3	[6.324555320336759, 8.246211251235321, 7.280109889280518, 3.605551275463989, 10.0, 7.810249675906654, 3.605551275463989, 8.246211251235321, 11.40175425099138, 10.63014581273465, 6.4031242374328485, 7.0710678118654755, 6.324555320336759, 7.211102550927978]	[(2, -6), (2, 8), (-2, 7), (-2, 3), (-8, -6), (5, -6), (-3, 2), (-8, 2), (-9, 7), (-7, -8), (-5, -4), (-5, 5), (6, 2), (-4, -6)]
14	1.0	7.107680956239383	5.8552729765186635	7.869470848066688	4	[1.4142135623730951, 9.848857801796104, 5.0, 6.324555320336759, 6.708203932499369, 1.0, 5.385164807134504, 9.899494936611665, 8.54400374531753, 3.605551275463989, 11.40175425099138, 12.041594578792296, 9.848857801796104, 8.48528137423857]	[(1, -1), (4, -9), (4, 3), (6, -2), (6, -3), (0, -1), (-5, 2), (7, -7), (3, -8), (2, -3), (9, 7), (-8, 9), (-9, 4), (6, 6)]
12	2.8284271247461903	7.145907898932593	6.498240197313492	7.708220719898118	3	[7.211102550927978, 11.40175425099138, 9.848857801796104, 2.8284271247461903, 3.605551275463989, 8.246211251235321, 4.123105625617661, 7.0710678118654755, 6.4031242374328485, 9.486832980505138, 4.123105625617661, 11.40175425099138]	[(6, 4), (-9, -7), (-4, 9), (2, 2), (3, 2), (-8, 2), (1, -4), (-1, -7), (-4, -5), (-3, -9), (-1, -4), (-7, -9)]
7	2.23606797749979	6.186757679089288	5.2202112204690705	7.030545599636733	3	[8.602325267042627, 2.23606797749979, 5.656854249492381, 12.041594578792296, 8.06225774829855, 2.23606797749979, 4.47213595499958]	[(5, -7), (1, -2), (4, 4), (-9, 8), (-4, 7), (2, 1), (-2, 4)]
5	2.23606797749979	6.6558718802183465	5.931572365910754	7.155417527999327	2	[2.23606797749979, 5.0990195135927845, 8.0, 8.94427190999916, 9.0]	[(-2, -1), (-1, 5), (0, 8), (8, 4), (0, 9)]
17	1.4142135623730951	7.181323471708839	6.553059155621832	7.627350168193099	3	[7.810249675906654, 8.06225774829855, 12.041594578792296, 6.0, 10.816653826391969, 7.0, 5.0, 5.385164807134504, 9.848857801796104, 6.4031242374328485, 1.4142135623730951, 9.433981132056603, 8.06225774829855, 8.602325267042627, 3.605551275463989, 5.385164807134504, 7.211102550927978]	[(-6, 5), (-8, 1), (-8, 9), (0, 6), (-9, -6), (0, -7), (5, 0), (-5, -2), (9, 4), (4, 5), (1, -1), (8, 5), (7, -4), (-5, -7), (-2, 3), (-5, 2), (6, -4)]
16	1.0	6.493090232674478	5.745336841692222	6.959705453537527	4	[9.055385138137417, 8.0, 1.0, 8.94427190999916, 4.47213595499958, 6.082762530298219, 6.4031242374328485, 3.1622776601683795, 3.0, 6.708203932499369, 9.0, 4.47213595499958, 8.06225774829855, 7.615773105863909, 8.06225774829855, 9.848857801796104]	[(1, 9), (0, 8), (-1, 0), (-8, -4), (4, 2), (-1, -6), (4, 5), (3, 1), (3, 0), (-6, 3), (-9, 0), (-4, 2), (-7, -4), (-7, 3), (4, 7), (4, -9)]
11	4.47213595499958	6.644493023481385	6.455589662192921	6.8357349807663494	3	[7.810249675906654, 5.0, 5.385164807134504, 4.47213595499958, 7.280109889280518, 8.94427190999916, 6.324555320336759, 7.615773105863909, 5.385164807134504, 9.486832980505138, 5.385164807134504]	[(5, -6), (-4, -3), (-2, 5), (-2, 4), (2, -7), (8, 4), (2, 6), (-3, 7), (-5, -2), (3, 9), (2, 5)]
17	1.4142135623730951	7.26116518056491	6.321450033561474	7.907554094959192	4	[6.4031242374328485, 3.605551275463989, 1.4142135623730951, 8.06225774829855, 11.313708498984761, 5.830951894845301, 8.602325267042627, 10.63014581273465, 9.219544457292887, 7.211102550927978, 10.63014581273465, 2.23606797749979, 3.605551275463989, 4.47213595499958, 9.486832980505138, 10.816653826391969, 9.899494936611665]	[(5, -4), (2, 3), (-1, 1), (4, 7), (8, -8), (3, 5), (7, -5), (-8, 7), (7, -6), (4, -6), (7, -8), (2, -1), (-3, -2), (4, 2), (-9, -3), (-9, 6), (7, -7)]
8	4.0	6.811866674951168	6.52053450965133	7.106335201775948	3	[5.385164807134504, 8.246211251235321, 6.324555320336759, 8.48528137423857, 10.63014581273465, 4.0, 6.324555320336759, 5.0990195135927845]	[(5, -2), (-8, -2), (2, -6), (6, -6), (-7, -8), (-4, 0), (-2, -6), (-5, 1)]
5	2.23606797749979	6.149468664828883	5.256407921030001	6.985699678629192	2	[8.602325267042627, 4.47213595499958, 2.23606797749979, 4.123105625617661, 11.313708498984761]	[(-5, 7), (-4, 2), (-1, -2), (-1, 4), (8, -8)]
16	1.4142135623730951	8.06233852565559	7.43807448797407	8.4335638967165	3	[8.54400374531753, 9.0, 7.810249675906654, 8.94427190999916, 11.40175425099138, 12.727922061357855, 9.0, 8.602325267042627, 1.4142135623730951, 8.06225774829855, 7.211102550927978, 6.082762530298219, 5.385164807134504, 9.486832980505138, 9.0, 6.324555320336759]	[(3, -8), (9, 0), (-6, -5), (4, -8), (7, 9), (-9, 9), (-9, 0), (-5, 7), (-1, -1), (1, -8), (-4, -6), (-6, -1), (2, -5), (-9, -3), (0, 9), (-2, 6)]
15	2.8284271247461903	8.066659542943626	7.661364037820939	8.378544026261364	3	[5.0, 2.8284271247461903, 7.211102550927978, 6.4031242374328485, 11.40175425099138, 8.602325267042627, 6.082762530298219, 8.06225774829855, 8.602325267042627, 9.219544457292887, 10.816653826391969, 7.0710678118654755, 9.219544457292887, 9.848857801796104, 10.63014581273465]	[(4, -3), (2, 2), (4, -6), (4, -5), (-9, 7), (-7, -5), (-1, 6), (-8, -1), (7, -5), (-7, -6), (6, -9), (7, -1), (-7, 6), (-9, -4), (-7, 8)]
5	1.4142135623730951	6.3650759186702714	5.247845019710867	7.071067811865475	2	[9.433981132056603, 9.433981132056603, 1.4142135623730951, 7.0710678118654755, 4.47213595499958]	[(-5, 8), (8, -5), (-1, -1), (-7, 1), (-2, -4)]
3	2.23606797749979	6.946131081514139	5.7725400402647296	7.724420150837645	2	[10.0, 2.23606797749979, 8.602325267042627]	[(-8, -6), (-2, 1), (5, -7)]
5	8.06225774829855	9.788697242679074	9.689268892409647	9.889388252060893	1	[10.295630140987, 8.06225774829855, 12.041594578792296, 8.54400374531753, 10.0]	[(9, -5), (-8, 1), (-9, -8), (3, 8), (-6, 8)]
9	4.0	7.261669041663727	7.011011422880874	7.475887164001934	2	[7.0710678118654755, 6.082762530298219, 9.219544457292887, 7.615773105863909, 8.602325267042627, 9.219544457292887, 8.54400374531753, 5.0, 4.0]	[(7, 1), (1, -6), (-7, -6), (-3, 7), (7, -5), (2, 9), (8, -3), (-4, 3), (0, 4)]
18	1.0	7.146722591385288	5.890961747415517	7.828012377211586	5	[8.48528137423857, 6.4031242374328485, 9.219544457292887, 6.708203932499369, 2.0, 10.816653826391969, 9.219544457292887, 11.40175425099138, 8.246211251235321, 9.219544457292887, 6.324555320336759, 7.0710678118654755, 11.313708498984761, 8.06225774829855, 1.0, 8.54400374531753, 3.605551275463989, 1.0]	[(6, 6), (-5, -4), (9, 2), (-3, -6), (2, 0), (-9, 6), (-2, -9), (9, 7), (-2, -8), (7, -6), (-6, -2), (-7, 1), (8, 8), (-7, -4), (0, -1), (-3, -8), (2, -3), (1, 0)]
2	7.0	7.405124837953327	7.394034604419064	7.416198487095663	1	[7.810249675906654, 7.0]	[(5, 6), (-7, 0)]
17	1.0	7.00663354463	6.37801705117	7.36046673712	3	[8.246211251235321, 7.211102550927978, 5.385164807134504, 9.219544457292887, 5.0, 10.0, 5.0, 7.280109889280518, 9.219544457292887, 9.899494936611665, 7.0710678118654755, 4.242640687119285, 7.810249675906654, 6.4031242374328485, 8.06225774829855, 8.06225774829855, 1.0]	[(2, 8), (4, 6), (-2, 5), (7, -6), (5, 0), (6, 8), (-5, 0), (-7, -2), (6, -7), (7, 7), (-1, -7), (-3, -3), (6, -5), (5, -4), (7, 4), (-1, 8), (0, -1)]
3	2.82842712475	5.2178409525	4.54717893295	5.94418483338	1	[3.605551275463989, 2.8284271247461903, 9.219544457292887]	[(-3, -2), (-2, -2), (-9, -2)]
8	5.0	8.52563696515	8.37115917076	8.6458082329	1	[9.848857801796104, 8.94427190999916, 8.0, 8.54400374531753, 9.433981132056603, 9.433981132056603, 9.0, 5.0]	[(-4, -9), (4, 8), (0, -8), (-3, 8), (5, -8), (8, 5), (-9, 0), (3, 4)]
